CREATE DATABASE [DJS]
USE [DJS]
/****** Object:  Table [dbo].[CDS]    Script Date: 8/27/2020 2:39:18 PM ******/
CREATE TABLE [dbo].[CDS](
	[CD_NUMBER] [smallint] NOT NULL,
	[TITLE] [varchar](50) NOT NULL,
	[PRODUCER] [varchar](50) NOT NULL,
	[YEAR_RELEASED] [varchar](4) NOT NULL,
 CONSTRAINT [PK_CDS] PRIMARY KEY ([CD_NUMBER]) 
)
/****** Object:  Table [dbo].[CLIENTS]    Script Date: 8/27/2020 2:39:18 PM ******/
CREATE TABLE [dbo].[CLIENTS](
	[CLIENT_NUMBER] [smallint] NOT NULL,
	[FIRST_NAME] [varchar](25) NOT NULL,
	[LAST_NAME] [varchar](30) NOT NULL,
	[PHONE] [varchar](15) NOT NULL,
	[EMAIL] [varchar](50) NULL,
 CONSTRAINT [PK_CLIENTS] PRIMARY KEY ([CLIENT_NUMBER])
)
/****** Object:  Table [dbo].[DJ_EVENTS]    Script Date: 8/27/2020 2:39:18 PM ******/
CREATE TABLE [dbo].[DJ_EVENTS](
	[EVENT_ID] [smallint] NOT NULL,
	[EVENT_NAME] [varchar](50) NOT NULL,
	[EVENT_DATE] [date] NOT NULL,
	[EVENT_DESCRIPTION] [varchar](50) NULL,
	[COST] [decimal](8, 2) NOT NULL,
	[VENUE_ID] [smallint] NOT NULL,
	[PACKAGE_CODE] [smallint] NOT NULL,
	[THEME_CODE] [smallint] NOT NULL,
	[CLIENT_NUMBER] [smallint] NOT NULL,
 CONSTRAINT [PK_DJ_EVENTS] PRIMARY KEY ([EVENT_ID])
)
/****** Object:  Table [dbo].[PACKAGES]    Script Date: 8/27/2020 2:39:18 PM ******/
CREATE TABLE [dbo].[PACKAGES](
	[CODE] [smallint] NOT NULL,
	[LOW_RANGE] [smallint] NOT NULL,
	[HIGH_RANGE] [smallint] NOT NULL,
 CONSTRAINT [PK_PACKAGES] PRIMARY KEY ([CODE])
)
/****** Object:  Table [dbo].[PLAY_LIST_ITEMS]    Script Date: 8/27/2020 2:39:18 PM ******/
CREATE TABLE [dbo].[PLAY_LIST_ITEMS](
	[EVENT_ID] [smallint] NOT NULL,
	[SONG_ID] [smallint] NOT NULL,
	[COMMENTS] [varchar](80) NULL
)
/****** Object:  Table [dbo].[SONG_TYPES]    Script Date: 8/27/2020 2:39:18 PM ******/
CREATE TABLE [dbo].[SONG_TYPES](
	[CODE] [smallint] NOT NULL,
	[TYPE_DESCRIPTION] [varchar](50) NOT NULL,
 CONSTRAINT [PK_SONG_TYPES] PRIMARY KEY ([CODE])
)
/****** Object:  Table [dbo].[SONGS]    Script Date: 8/27/2020 2:39:18 PM ******/
CREATE TABLE [dbo].[SONGS](
	[SONG_ID] [smallint] NOT NULL,
	[TITLE] [varchar](50) NOT NULL,
	[DURATION] [varchar](20) NULL,
	[ARTIST] [varchar](20) NULL,
	[TYPE_CODE] [smallint] NOT NULL,
 CONSTRAINT [PK_SONGS] PRIMARY KEY ([SONG_ID])
)
/****** Object:  Table [dbo].[THEMES]    Script Date: 8/27/2020 2:39:18 PM ******/
CREATE TABLE [dbo].[THEMES](
	[CODE] [smallint] NOT NULL,
	[THEME_DESCRIPTION] [varchar](100) NOT NULL,
 CONSTRAINT [PK_THEMES] PRIMARY KEY ([CODE])
)
/****** Object:  Table [dbo].[TRACK_LISTINGS]    Script Date: 8/27/2020 2:39:18 PM ******/
CREATE TABLE [dbo].[TRACK_LISTINGS](
	[SONG_ID] [smallint] NOT NULL,
	[CD_NUMBER] [smallint] NOT NULL,
	[TRACK] [tinyint] NOT NULL
)
/****** Object:  Table [dbo].[VENUES]    Script Date: 8/27/2020 2:39:18 PM ******/
CREATE TABLE [dbo].[VENUES](
	[VENUE_ID] [smallint] NOT NULL,
	[LOC_TYPE] [varchar](30) NOT NULL,
	[VENUE_ADDRESS] [varchar](100) NOT NULL,
	[RENTAL_FEE] [varchar](50) NOT NULL,
	[COMMENTS] [varchar](100) NULL,
 CONSTRAINT [PK_VENUES] PRIMARY KEY ([VENUE_ID])
)

INSERT [dbo].[CDS] ([CD_NUMBER], [TITLE], [PRODUCER], [YEAR_RELEASED]) VALUES (90, N'The Celebrants Live in Concert', N'Old Town Records', N'1997')
GO
INSERT [dbo].[CDS] ([CD_NUMBER], [TITLE], [PRODUCER], [YEAR_RELEASED]) VALUES (91, N'Party Music for All Occasions', N'The Music Man', N'2000')
GO
INSERT [dbo].[CDS] ([CD_NUMBER], [TITLE], [PRODUCER], [YEAR_RELEASED]) VALUES (92, N'Back to the Shire', N'Middle Earth Records', N'2002')
GO
INSERT [dbo].[CDS] ([CD_NUMBER], [TITLE], [PRODUCER], [YEAR_RELEASED]) VALUES (93, N'Songs from My Childhood', N'Old Town Records', N'1999')
GO
INSERT [dbo].[CDS] ([CD_NUMBER], [TITLE], [PRODUCER], [YEAR_RELEASED]) VALUES (94, N'Carpe Diem', N'R & B Inc.', N'2000')
GO
INSERT [dbo].[CDS] ([CD_NUMBER], [TITLE], [PRODUCER], [YEAR_RELEASED]) VALUES (95, N'Here Comes the Bride', N'The Music Man', N'2001')
GO
INSERT [dbo].[CDS] ([CD_NUMBER], [TITLE], [PRODUCER], [YEAR_RELEASED]) VALUES (96, N'Graduation Songbook', N'Tunes Are Us', N'1998')
GO
INSERT [dbo].[CDS] ([CD_NUMBER], [TITLE], [PRODUCER], [YEAR_RELEASED]) VALUES (98, N'Whirled Peas', N'Old Town Records', N'2004')
GO
INSERT [dbo].[CLIENTS] ([CLIENT_NUMBER], [FIRST_NAME], [LAST_NAME], [PHONE], [EMAIL]) VALUES (5857, N'Serena', N'Jones', N'7035335900', N'serena.jones@jones.com')
GO
INSERT [dbo].[CLIENTS] ([CLIENT_NUMBER], [FIRST_NAME], [LAST_NAME], [PHONE], [EMAIL]) VALUES (5922, N'Hiram', N'Peters', N'3715832249', N'hpeters@yahoo.com')
GO
INSERT [dbo].[CLIENTS] ([CLIENT_NUMBER], [FIRST_NAME], [LAST_NAME], [PHONE], [EMAIL]) VALUES (6133, N'Lauren', N'Vigil', N'4072220090', NULL)
GO
INSERT [dbo].[DJ_EVENTS] ([EVENT_ID], [EVENT_NAME], [EVENT_DATE], [EVENT_DESCRIPTION], [COST], [VENUE_ID], [PACKAGE_CODE], [THEME_CODE], [CLIENT_NUMBER]) VALUES (100, N'Peters Graduation', CAST(N'2004-05-14' AS Date), N'Party for 200, red, white, blue motif', CAST(8000.00 AS Decimal(8, 2)), 100, 112, 200, 5922)
GO
INSERT [dbo].[DJ_EVENTS] ([EVENT_ID], [EVENT_NAME], [EVENT_DATE], [EVENT_DESCRIPTION], [COST], [VENUE_ID], [PACKAGE_CODE], [THEME_CODE], [CLIENT_NUMBER]) VALUES (105, N'Vigil wedding', CAST(N'2004-04-28' AS Date), N'Black tie at Four Season hotel', CAST(10000.00 AS Decimal(8, 2)), 220, 200, 200, 6133)
GO
INSERT [dbo].[PACKAGES] ([CODE], [LOW_RANGE], [HIGH_RANGE]) VALUES (79, 500, 2500)
GO
INSERT [dbo].[PACKAGES] ([CODE], [LOW_RANGE], [HIGH_RANGE]) VALUES (87, 2501, 5000)
GO
INSERT [dbo].[PACKAGES] ([CODE], [LOW_RANGE], [HIGH_RANGE]) VALUES (112, 5001, 10000)
GO
INSERT [dbo].[PACKAGES] ([CODE], [LOW_RANGE], [HIGH_RANGE]) VALUES (200, 10001, 15000)
GO
INSERT [dbo].[PLAY_LIST_ITEMS] ([EVENT_ID], [SONG_ID], [COMMENTS]) VALUES (100, 45, N'Play late')
GO
INSERT [dbo].[PLAY_LIST_ITEMS] ([EVENT_ID], [SONG_ID], [COMMENTS]) VALUES (100, 46, NULL)
GO
INSERT [dbo].[PLAY_LIST_ITEMS] ([EVENT_ID], [SONG_ID], [COMMENTS]) VALUES (100, 47, N'Play early')
GO
INSERT [dbo].[PLAY_LIST_ITEMS] ([EVENT_ID], [SONG_ID], [COMMENTS]) VALUES (105, 48, N'Play after cake cutting')
GO
INSERT [dbo].[PLAY_LIST_ITEMS] ([EVENT_ID], [SONG_ID], [COMMENTS]) VALUES (105, 49, N'Play first')
GO
INSERT [dbo].[PLAY_LIST_ITEMS] ([EVENT_ID], [SONG_ID], [COMMENTS]) VALUES (105, 47, N'Play for the father')
GO
INSERT [dbo].[SONG_TYPES] ([CODE], [TYPE_DESCRIPTION]) VALUES (1, N'Jazz')
GO
INSERT [dbo].[SONG_TYPES] ([CODE], [TYPE_DESCRIPTION]) VALUES (12, N'Pop')
GO
INSERT [dbo].[SONG_TYPES] ([CODE], [TYPE_DESCRIPTION]) VALUES (40, N'Reggae')
GO
INSERT [dbo].[SONG_TYPES] ([CODE], [TYPE_DESCRIPTION]) VALUES (77, N'New Age')
GO
INSERT [dbo].[SONG_TYPES] ([CODE], [TYPE_DESCRIPTION]) VALUES (88, N'Country')
GO
INSERT [dbo].[SONGS] ([SONG_ID], [TITLE], [DURATION], [ARTIST], [TYPE_CODE]) VALUES (45, N'Its Finally Over', N'5 min', N'The Hobbits', 12)
GO
INSERT [dbo].[SONGS] ([SONG_ID], [TITLE], [DURATION], [ARTIST], [TYPE_CODE]) VALUES (46, N'Im Going to Miss My Teacher', N'2 min', N'Jane Pop', 12)
GO
INSERT [dbo].[SONGS] ([SONG_ID], [TITLE], [DURATION], [ARTIST], [TYPE_CODE]) VALUES (47, N'Hurrah for Today', N'3 min', N'The Jubilant Trio', 77)
GO
INSERT [dbo].[SONGS] ([SONG_ID], [TITLE], [DURATION], [ARTIST], [TYPE_CODE]) VALUES (48, N'Meet Me At the Altar', N'6 min', N'Bobby West', 1)
GO
INSERT [dbo].[SONGS] ([SONG_ID], [TITLE], [DURATION], [ARTIST], [TYPE_CODE]) VALUES (49, N'Lets Celebrate', N'8 min', N'The Celebrants', 77)
GO
INSERT [dbo].[SONGS] ([SONG_ID], [TITLE], [DURATION], [ARTIST], [TYPE_CODE]) VALUES (50, N'All These Years', N'10 min', N'Diana Crooner', 88)
GO
INSERT [dbo].[THEMES] ([CODE], [THEME_DESCRIPTION]) VALUES (110, N'Classic')
GO
INSERT [dbo].[THEMES] ([CODE], [THEME_DESCRIPTION]) VALUES (198, N'Mardi Gras')
GO
INSERT [dbo].[THEMES] ([CODE], [THEME_DESCRIPTION]) VALUES (200, N'Tropical')
GO
INSERT [dbo].[THEMES] ([CODE], [THEME_DESCRIPTION]) VALUES (220, N'Carnival')
GO
INSERT [dbo].[THEMES] ([CODE], [THEME_DESCRIPTION]) VALUES (240, N'Sixties')
GO
INSERT [dbo].[THEMES] ([CODE], [THEME_DESCRIPTION]) VALUES (340, N'Football')
GO
INSERT [dbo].[THEMES] ([CODE], [THEME_DESCRIPTION]) VALUES (454, N'Eighties')
GO
INSERT [dbo].[THEMES] ([CODE], [THEME_DESCRIPTION]) VALUES (502, N'Fairy Tale')
GO
INSERT [dbo].[TRACK_LISTINGS] ([SONG_ID], [CD_NUMBER], [TRACK]) VALUES (45, 92, 1)
GO
INSERT [dbo].[TRACK_LISTINGS] ([SONG_ID], [CD_NUMBER], [TRACK]) VALUES (46, 93, 1)
GO
INSERT [dbo].[TRACK_LISTINGS] ([SONG_ID], [CD_NUMBER], [TRACK]) VALUES (47, 91, 2)
GO
INSERT [dbo].[TRACK_LISTINGS] ([SONG_ID], [CD_NUMBER], [TRACK]) VALUES (48, 95, 5)
GO
INSERT [dbo].[TRACK_LISTINGS] ([SONG_ID], [CD_NUMBER], [TRACK]) VALUES (49, 91, 3)
GO
INSERT [dbo].[VENUES] ([VENUE_ID], [LOC_TYPE], [VENUE_ADDRESS], [RENTAL_FEE], [COMMENTS]) VALUES (95, N'School Hall', N'4 Mahogany Drive, Boston, MA 10010', N'75/hour', N'School closes at 10pm')
GO
INSERT [dbo].[VENUES] ([VENUE_ID], [LOC_TYPE], [VENUE_ADDRESS], [RENTAL_FEE], [COMMENTS]) VALUES (99, N'National Park', N'87 Park Avenue, San Diego, CA 28978', N'400/flat fee', N'Bring generators')
GO
INSERT [dbo].[VENUES] ([VENUE_ID], [LOC_TYPE], [VENUE_ADDRESS], [RENTAL_FEE], [COMMENTS]) VALUES (100, N'Private Home', N'52 West End Drive, Los Angeles, CA 90210', N'0', N'Large kitchen, spacious lawn')
GO
INSERT [dbo].[VENUES] ([VENUE_ID], [LOC_TYPE], [VENUE_ADDRESS], [RENTAL_FEE], [COMMENTS]) VALUES (101, N'Private Home', N'4 Primrose Lane, Chevy Chase, MD 22127', N'0', N'Gazebo, multi-level deck')
GO
INSERT [dbo].[VENUES] ([VENUE_ID], [LOC_TYPE], [VENUE_ADDRESS], [RENTAL_FEE], [COMMENTS]) VALUES (105, N'Private Home', N'123 Magnolia Road, Hudson, N.Y. 11220', N'0', N'3 level townhouse, speakers on all floors')
GO
INSERT [dbo].[VENUES] ([VENUE_ID], [LOC_TYPE], [VENUE_ADDRESS], [RENTAL_FEE], [COMMENTS]) VALUES (220, N'Hotel', N'200 Pennsylvania Ave, Washington D.C. 09002', N'300/per person', N'Classy affair, tight security, private entrance for vendors')
GO
ALTER TABLE [dbo].[DJ_EVENTS]  WITH CHECK ADD  CONSTRAINT [FK_DJ_EVENTS_CLIENTS] FOREIGN KEY([CLIENT_NUMBER])
REFERENCES [dbo].[CLIENTS] ([CLIENT_NUMBER])
GO
ALTER TABLE [dbo].[DJ_EVENTS] CHECK CONSTRAINT [FK_DJ_EVENTS_CLIENTS]
GO
ALTER TABLE [dbo].[DJ_EVENTS]  WITH CHECK ADD  CONSTRAINT [FK_DJ_EVENTS_PACKAGES] FOREIGN KEY([PACKAGE_CODE])
REFERENCES [dbo].[PACKAGES] ([CODE])
GO
ALTER TABLE [dbo].[DJ_EVENTS] CHECK CONSTRAINT [FK_DJ_EVENTS_PACKAGES]
GO
ALTER TABLE [dbo].[DJ_EVENTS]  WITH CHECK ADD  CONSTRAINT [FK_DJ_EVENTS_THEMES] FOREIGN KEY([THEME_CODE])
REFERENCES [dbo].[THEMES] ([CODE])
GO
ALTER TABLE [dbo].[DJ_EVENTS] CHECK CONSTRAINT [FK_DJ_EVENTS_THEMES]
GO
ALTER TABLE [dbo].[DJ_EVENTS]  WITH CHECK ADD  CONSTRAINT [FK_DJ_EVENTS_VENUES] FOREIGN KEY([VENUE_ID])
REFERENCES [dbo].[VENUES] ([VENUE_ID])
GO
ALTER TABLE [dbo].[DJ_EVENTS] CHECK CONSTRAINT [FK_DJ_EVENTS_VENUES]
GO
ALTER TABLE [dbo].[PLAY_LIST_ITEMS]  WITH CHECK ADD  CONSTRAINT [FK_PLAY_LIST_ITEMS_DJ_EVENTS] FOREIGN KEY([EVENT_ID])
REFERENCES [dbo].[DJ_EVENTS] ([EVENT_ID])
GO
ALTER TABLE [dbo].[PLAY_LIST_ITEMS] CHECK CONSTRAINT [FK_PLAY_LIST_ITEMS_DJ_EVENTS]
GO
ALTER TABLE [dbo].[PLAY_LIST_ITEMS]  WITH CHECK ADD  CONSTRAINT [FK_PLAY_LIST_ITEMS_SONGS] FOREIGN KEY([SONG_ID])
REFERENCES [dbo].[SONGS] ([SONG_ID])
GO
ALTER TABLE [dbo].[PLAY_LIST_ITEMS] CHECK CONSTRAINT [FK_PLAY_LIST_ITEMS_SONGS]
GO
ALTER TABLE [dbo].[SONGS]  WITH CHECK ADD  CONSTRAINT [FK_SONGS_SONG_TYPES] FOREIGN KEY([TYPE_CODE])
REFERENCES [dbo].[SONG_TYPES] ([CODE])
GO
ALTER TABLE [dbo].[SONGS] CHECK CONSTRAINT [FK_SONGS_SONG_TYPES]
GO
ALTER TABLE [dbo].[TRACK_LISTINGS]  WITH CHECK ADD  CONSTRAINT [FK_TRACK_LISTINGS_CDS] FOREIGN KEY([CD_NUMBER])
REFERENCES [dbo].[CDS] ([CD_NUMBER])
GO
ALTER TABLE [dbo].[TRACK_LISTINGS] CHECK CONSTRAINT [FK_TRACK_LISTINGS_CDS]
GO
ALTER TABLE [dbo].[TRACK_LISTINGS]  WITH CHECK ADD  CONSTRAINT [FK_TRACK_LISTINGS_SONGS] FOREIGN KEY([SONG_ID])
REFERENCES [dbo].[SONGS] ([SONG_ID])
GO
ALTER TABLE [dbo].[TRACK_LISTINGS] CHECK CONSTRAINT [FK_TRACK_LISTINGS_SONGS]
GO
